{
  "name": "moment",
  "license": "MIT",
  "main": "moment.js",
  "ignore": [
    "**/.*",
    "benchmarks",
    "bower_components",
    "meteor",
    "node_modules",
    "scripts",
    "tasks",
    "test",
    "component.json",
    "composer.json",
    "CONTRIBUTING.md",
    "ender.js",
    "Gruntfile.js",
    "Moment.js.nuspec",
    "package.js",
    "package.json",
    "ISSUE_TEMPLATE.md",
    "typing-tests"
  ],
  "homepage": "https://github.com/moment/moment",
  "version": "2.17.1",
  "_release": "2.17.1",
  "_resolution": {
    "type": "version",
    "tag": "2.17.1",
    "commit": "c83c4058b4c88d0a2ab10aac28ac787e31993c39"
  },
  "_source": "https://github.com/moment/moment.git",
  "_target": ">=2.9.0",
  "_originalSource": "moment"
}