{
  "name": "bootstrap-daterangepicker",
  "main": [
    "daterangepicker.js",
    "daterangepicker.css"
  ],
  "ignore": [
    "**/.*",
    "node_modules",
    "bower_components",
    "test",
    "tests",
    "moment.js",
    "moment.min.js"
  ],
  "dependencies": {
    "jquery": ">=1.10",
    "moment": ">=2.9.0"
  },
  "homepage": "https://github.com/dangrossman/bootstrap-daterangepicker",
  "version": "2.1.19",
  "_release": "2.1.19",
  "_resolution": {
    "type": "version",
    "tag": "v2.1.19",
    "commit": "59791b857634de45b7a720d9061a1ed197bb965e"
  },
  "_source": "https://github.com/dangrossman/bootstrap-daterangepicker.git",
  "_target": "2.1.19",
  "_originalSource": "bootstrap-daterangepicker",
  "_direct": true
}